{
  "dev": {
    "driver": "mysql",
    "user": {"ENV": "DB_USER"},
    "password": {"ENV" : "DB_PASS"},
    "host": {"ENV" : "DB_HOST"},
    "database": {"ENV" : "DB_DATABASE"},
    "multipleStatements": true
  },

  "test": {
    "driver": "mysql",
    "user": {"ENV": "DB_USER"},
    "password": {"ENV" : "DB_PASS"},
    "host": {"ENV" : "DB_HOST"},
    "database": "test_db_tests",
    "multipleStatements": true
  },

  "prod": {
    "driver": "mysql",
    "user": {"ENV": "DB_USER"},
    "password": {"ENV" : "DB_PASS"},
    "host": "https://bookswap.io",
    "database": "bookswap",
    "multipleStatements": true
  }
}
